{
  "median_totals": {
    "deviation-heading": 7.505237720292885,
    "in-drivable-lane": 22.93333333333304,
    "deviation-center-line": 2.4663448829894774,
    "driving-distance": 16.49615080497218,
    "driving-distance-consecutive": 14.97784925282574,
    "survival_time": 55.96666666666604,
    "distance-from-start": 3.7524643848290324
  },
  "mean_totals": {
    "deviation-heading": 5.856635765373855,
    "in-drivable-lane": 18.211111111110874,
    "deviation-center-line": 2.0457265061659675,
    "driving-distance": 17.45626605064619,
    "driving-distance-consecutive": 11.240302320675733,
    "survival_time": 39.62222222222173,
    "distance-from-start": 2.9170532268352076
  },
  "stdev_totals": {
    "deviation-heading": 3.49299055007325,
    "in-drivable-lane": 12.628842160743927,
    "deviation-center-line": 1.4007304509802203,
    "driving-distance": 13.939428134086809,
    "driving-distance-consecutive": 7.535563215973269,
    "survival_time": 26.01868749121319,
    "distance-from-start": 1.2141040623407409
  },
  "episode_totals": {
    "deviation-heading": [
      9.065083003465293,
      7.505237720292885,
      0.9995865723633859
    ],
    "in-drivable-lane": [
      22.93333333333304,
      30.766666666666257,
      0.9333333333333318
    ],
    "deviation-center-line": [
      3.511835770964402,
      2.4663448829894774,
      0.15899886454402334
    ],
    "driving-distance": [
      31.28909739425505,
      18.01445235711862,
      38.257239946678745,
      14.97784925282574,
      1.4703520009161402,
      0.7286053520828354
    ],
    "driving-distance-consecutive": [
      18.01445235711862,
      14.97784925282574,
      0.7286053520828354
    ],
    "survival_time": [
      59.99999999999915,
      55.96666666666604,
      2.8999999999999995
    ],
    "distance-from-start": [
      3.7984393147783138,
      3.7524643848290324,
      1.2002559808982765
    ]
  }
}