{
  "median_totals": {
    "deviation-heading": 5.848553830439056,
    "in-drivable-lane": 33.03333333333293,
    "deviation-center-line": 2.1962499122174903,
    "driving-distance": 16.467313240245666,
    "driving-distance-consecutive": 9.228537140107854,
    "survival_time": 54.46666666666613,
    "distance-from-start": 4.2823727715849325
  },
  "mean_totals": {
    "deviation-heading": 6.562476977300034,
    "in-drivable-lane": 33.83333333333286,
    "deviation-center-line": 2.1487593572971737,
    "driving-distance": 17.311474638753122,
    "driving-distance-consecutive": 8.911773101273463,
    "survival_time": 56.033333333332706,
    "distance-from-start": 4.2799530929593494
  },
  "stdev_totals": {
    "deviation-heading": 1.0232990144640814,
    "in-drivable-lane": 2.9933259094190556,
    "deviation-center-line": 0.12627474972220382,
    "driving-distance": 8.484682992703712,
    "driving-distance-consecutive": 0.4640647568091549,
    "survival_time": 2.8254137684526945,
    "distance-from-start": 0.0035141705468555214
  },
  "episode_totals": {
    "deviation-heading": [
      8.009597536744412,
      5.848553830439056,
      5.829279564716635
    ],
    "in-drivable-lane": [
      30.633333333332928,
      37.83333333333271,
      33.03333333333293
    ],
    "deviation-center-line": [
      1.9759286881276732,
      2.1962499122174903,
      2.2740994715463585
    ],
    "driving-distance": [
      23.683460795481686,
      8.255616478702889,
      27.672568724565114,
      9.228537140107854,
      25.777499008651525,
      9.251165685009646
    ],
    "driving-distance-consecutive": [
      8.255616478702889,
      9.228537140107854,
      9.251165685009646
    ],
    "survival_time": [
      53.63333333333284,
      59.99999999999915,
      54.46666666666613
    ],
    "distance-from-start": [
      4.274983870923258,
      4.28250263636986,
      4.2823727715849325
    ]
  }
}