{
  "median_totals": {
    "deviation-heading": 16.4492442706361,
    "in-drivable-lane": 0.3666666666666458,
    "deviation-center-line": 3.601765643188019,
    "driving-distance": 12.177719393507882,
    "driving-distance-consecutive": 11.586681527154536,
    "survival_time": 59.99999999999915,
    "distance-from-start": 3.8053376948928253
  },
  "mean_totals": {
    "deviation-heading": 16.30476088148593,
    "in-drivable-lane": 0.35555555555553536,
    "deviation-center-line": 3.5891894278609597,
    "driving-distance": 12.333995473619332,
    "driving-distance-consecutive": 12.047606581290845,
    "survival_time": 59.99999999999915,
    "distance-from-start": 3.8208417225764784
  },
  "stdev_totals": {
    "deviation-heading": 0.39088431089267794,
    "in-drivable-lane": 0.2858817851170639,
    "deviation-center-line": 0.02146727276433511,
    "driving-distance": 0.7078939187728686,
    "driving-distance-consecutive": 0.6647001729973672,
    "survival_time": 0.0,
    "distance-from-start": 0.027299937083028903
  },
  "episode_totals": {
    "deviation-heading": [
      16.4492442706361,
      15.770426956454818,
      16.694611417366872
    ],
    "in-drivable-lane": [
      0.0,
      0.3666666666666458,
      0.6999999999999602
    ],
    "deviation-center-line": [
      3.55897132216268,
      3.601765643188019,
      3.6068313182321794
    ],
    "driving-distance": [
      13.50571431082768,
      12.98757636753693,
      12.095931287345769,
      11.568561849181076,
      12.259507499669995,
      11.586681527154536
    ],
    "driving-distance-consecutive": [
      12.98757636753693,
      11.568561849181076,
      11.586681527154536
    ],
    "survival_time": [
      59.99999999999915,
      59.99999999999915,
      59.99999999999915
    ],
    "distance-from-start": [
      3.8592147862254946,
      3.8053376948928253,
      3.797972686611115
    ]
  }
}