{
  "median_totals": {
    "deviation-heading": 11.927274298819261,
    "in-drivable-lane": 0.5666666666666345,
    "deviation-center-line": 2.6335696959384505,
    "driving-distance": 25.667179224101034,
    "driving-distance-consecutive": 25.56979993886004,
    "survival_time": 59.99999999999915,
    "distance-from-start": 3.821978137255039
  },
  "mean_totals": {
    "deviation-heading": 12.314951457190942,
    "in-drivable-lane": 0.588888888888872,
    "deviation-center-line": 2.9843265245759425,
    "driving-distance": 25.127935347087355,
    "driving-distance-consecutive": 24.713365177314188,
    "survival_time": 59.99999999999915,
    "distance-from-start": 3.8227062064511954
  },
  "stdev_totals": {
    "deviation-heading": 0.6718643030968753,
    "in-drivable-lane": 0.4901498888913879,
    "deviation-center-line": 0.6018530440445562,
    "driving-distance": 1.4953149965658548,
    "driving-distance-consecutive": 1.3512380576685323,
    "survival_time": 0.0,
    "distance-from-start": 0.021169826219455637
  },
  "episode_totals": {
    "deviation-heading": [
      11.757536232179145,
      13.260043840574417,
      11.927274298819261
    ],
    "in-drivable-lane": [
      1.1999999999999815,
      0.0,
      0.5666666666666345
    ],
    "deviation-center-line": [
      3.8313208003152432,
      2.6335696959384505,
      2.4880890774741324
    ],
    "driving-distance": [
      26.71021747582609,
      25.56979993886004,
      23.399526164197848,
      22.8057370837405,
      26.517772910557618,
      25.76455850934203
    ],
    "driving-distance-consecutive": [
      25.56979993886004,
      22.8057370837405,
      25.76455850934203
    ],
    "survival_time": [
      59.99999999999915,
      59.99999999999915,
      59.99999999999915
    ],
    "distance-from-start": [
      3.7971502728842252,
      3.8489902092143224,
      3.821978137255039
    ]
  }
}