{
  "median_totals": {
    "deviation-heading": 8.709441794524144,
    "in-drivable-lane": 9.633333333333445,
    "deviation-center-line": 3.3478912258980396,
    "driving-distance": 14.925343808356462,
    "driving-distance-consecutive": 12.887112643643759,
    "survival_time": 59.99999999999915,
    "distance-from-start": 3.3689626922721514
  },
  "mean_totals": {
    "deviation-heading": 9.29752261065429,
    "in-drivable-lane": 11.988888888888864,
    "deviation-center-line": 3.5805699454796014,
    "driving-distance": 15.19040762943697,
    "driving-distance-consecutive": 13.166482986653138,
    "survival_time": 59.99999999999915,
    "distance-from-start": 3.3621200187572877
  },
  "stdev_totals": {
    "deviation-heading": 1.5468604647455682,
    "in-drivable-lane": 4.586157379132702,
    "deviation-center-line": 0.44037323687708124,
    "driving-distance": 2.3963516031783003,
    "driving-distance-consecutive": 0.9608462890015377,
    "survival_time": 0.0,
    "distance-from-start": 0.015515458390622024
  },
  "episode_totals": {
    "deviation-heading": [
      11.416333322446407,
      8.709441794524144,
      7.766792714992319
    ],
    "in-drivable-lane": [
      9.633333333333445,
      7.933333333333123,
      18.400000000000023
    ],
    "deviation-center-line": [
      4.197197563904153,
      3.1966210466366114,
      3.3478912258980396
    ],
    "driving-distance": [
      15.392867364727643,
      12.154516064330375,
      17.092809454433834,
      14.45782025198528,
      19.15731999750093,
      12.887112643643759
    ],
    "driving-distance-consecutive": [
      12.154516064330375,
      14.45782025198528,
      12.887112643643759
    ],
    "survival_time": [
      59.99999999999915,
      59.99999999999915,
      59.99999999999915
    ],
    "distance-from-start": [
      3.340643833953322,
      3.3689626922721514,
      3.3767535300463893
    ]
  }
}