{
  "median_totals": {
    "deviation-heading": 17.646367663011333,
    "in-drivable-lane": 0.0,
    "deviation-center-line": 3.110864839173281,
    "driving-distance": 13.558036770968094,
    "driving-distance-consecutive": 13.197389194323655,
    "survival_time": 59.99999999999915,
    "distance-from-start": 6.244027861924458
  },
  "mean_totals": {
    "deviation-heading": 15.578894062563442,
    "in-drivable-lane": 0.3888888888889059,
    "deviation-center-line": 2.3744249196158274,
    "driving-distance": 9.722837370918029,
    "driving-distance-consecutive": 9.482822007350551,
    "survival_time": 47.45555555555507,
    "distance-from-start": 4.4362145574399845
  },
  "stdev_totals": {
    "deviation-heading": 3.119209593598953,
    "in-drivable-lane": 0.5499719409228943,
    "deviation-center-line": 1.1190214039812876,
    "driving-distance": 6.331197743431882,
    "driving-distance-consecutive": 6.159035264522111,
    "survival_time": 17.74052346576863,
    "distance-from-start": 2.5668851538080526
  },
  "episode_totals": {
    "deviation-heading": [
      17.646367663011333,
      17.919822788993645,
      11.170491735685355
    ],
    "in-drivable-lane": [
      0.0,
      1.1666666666667176,
      0.0
    ],
    "deviation-center-line": [
      3.219281848378811,
      3.110864839173281,
      0.7931280712953906
    ],
    "driving-distance": [
      15.157268945966313,
      14.448445861905302,
      13.918684347612535,
      13.197389194323655,
      0.8126049098776679,
      0.8026309658226989
    ],
    "driving-distance-consecutive": [
      14.448445861905302,
      13.197389194323655,
      0.8026309658226989
    ],
    "survival_time": [
      59.99999999999915,
      59.99999999999915,
      22.366666666666937
    ],
    "distance-from-start": [
      6.244027861924458,
      6.258515414056342,
      0.8061003963391542
    ]
  }
}