{
  "median_totals": {
    "deviation-heading": 8.779905351827468,
    "in-drivable-lane": 3.300000000000109,
    "deviation-center-line": 2.6832980259021917,
    "driving-distance": 30.66132185621761,
    "driving-distance-consecutive": 28.647612280227264,
    "survival_time": 39.93333333333362,
    "distance-from-start": 3.446125080922601
  },
  "mean_totals": {
    "deviation-heading": 7.367441351935163,
    "in-drivable-lane": 2.7777777777778,
    "deviation-center-line": 2.2891456175668496,
    "driving-distance": 24.144574136566572,
    "driving-distance-consecutive": 22.640204338012342,
    "survival_time": 33.84444444444426,
    "distance-from-start": 2.4395067258999803
  },
  "stdev_totals": {
    "deviation-heading": 5.110257270912882,
    "in-drivable-lane": 2.0877656554553097,
    "deviation-center-line": 1.6824783158537107,
    "driving-distance": 17.449381124463432,
    "driving-distance-consecutive": 16.276119860090308,
    "survival_time": 24.22733890911815,
    "distance-from-start": 1.4417066891589314
  },
  "episode_totals": {
    "deviation-heading": [
      8.779905351827468,
      0.5231475121951877,
      12.799271191782834
    ],
    "in-drivable-lane": [
      3.300000000000109,
      0.0,
      5.033333333333291
    ],
    "deviation-center-line": [
      2.6832980259021917,
      0.05993190962894994,
      4.124206917169407
    ],
    "driving-distance": [
      32.67503143220796,
      28.647612280227264,
      0.4043384911915641,
      0.3932832784890494,
      43.86746188196289,
      38.87971745532071
    ],
    "driving-distance-consecutive": [
      28.647612280227264,
      0.3932832784890494,
      38.87971745532071
    ],
    "survival_time": [
      39.93333333333362,
      1.6000000000000016,
      59.99999999999915
    ],
    "distance-from-start": [
      3.471715989126871,
      0.4006791076504689,
      3.446125080922601
    ]
  }
}