{
  "median_totals": {
    "deviation-heading": 3.501049669854596,
    "in-drivable-lane": 16.433333333333735,
    "deviation-center-line": 1.7228737117238868,
    "driving-distance": 8.67834577474797,
    "driving-distance-consecutive": 6.5632266330722775,
    "survival_time": 30.900000000000695,
    "distance-from-start": 3.1629681841254613
  },
  "mean_totals": {
    "deviation-heading": 3.0898529642053583,
    "in-drivable-lane": 19.23333333333338,
    "deviation-center-line": 1.5148861231655386,
    "driving-distance": 11.28329172277438,
    "driving-distance-consecutive": 6.127759027699978,
    "survival_time": 32.3555555555555,
    "distance-from-start": 2.9520647811819294
  },
  "stdev_totals": {
    "deviation-heading": 1.7185508504880593,
    "in-drivable-lane": 13.993993420458944,
    "deviation-center-line": 0.95045031409815,
    "driving-distance": 9.926497901381003,
    "driving-distance-consecutive": 3.9991838539159885,
    "survival_time": 22.001453375112924,
    "distance-from-start": 0.33152081038922143
  },
  "episode_totals": {
    "deviation-heading": [
      3.501049669854596,
      4.958697546367688,
      0.8098116763937933
    ],
    "in-drivable-lane": [
      16.433333333333735,
      37.59999999999975,
      3.666666666666657
    ],
    "deviation-center-line": [
      1.7228737117238868,
      2.5609312724044395,
      0.2608533853682894
    ],
    "driving-distance": [
      14.79036830920003,
      6.5632266330722775,
      31.041269582731452,
      10.793464916423664,
      3.4848353616148557,
      1.026585533603992
    ],
    "driving-distance-consecutive": [
      6.5632266330722775,
      10.793464916423664,
      1.026585533603992
    ],
    "survival_time": [
      30.900000000000695,
      59.99999999999915,
      6.1666666666666545
    ],
    "distance-from-start": [
      3.1629681841254613,
      3.2092408331320676,
      2.4839853262882583
    ]
  }
}