{
  "median_totals": {
    "deviation-heading": 4.8804226071136165,
    "in-drivable-lane": 1.499999999999995,
    "deviation-center-line": 1.5866276056327728,
    "driving-distance": 16.377900640833086,
    "driving-distance-consecutive": 15.452730335670385,
    "survival_time": 21.166666666666877,
    "distance-from-start": 3.7972893211662466
  },
  "mean_totals": {
    "deviation-heading": 6.707522373549274,
    "in-drivable-lane": 1.5444444444444188,
    "deviation-center-line": 1.8187789213137633,
    "driving-distance": 20.971463872436612,
    "driving-distance-consecutive": 19.95899015715504,
    "survival_time": 28.166666666666455,
    "distance-from-start": 2.5688036609206573
  },
  "stdev_totals": {
    "deviation-heading": 4.957714024314091,
    "in-drivable-lane": 1.0891156226526684,
    "deviation-center-line": 1.5086406805143067,
    "driving-distance": 19.219883691905842,
    "driving-distance-consecutive": 18.351476226372146,
    "survival_time": 23.65766652028822,
    "distance-from-start": 1.7442983849780744
  },
  "episode_totals": {
    "deviation-heading": [
      4.8804226071136165,
      13.483211145682906,
      1.7589333678512986
    ],
    "in-drivable-lane": [
      1.499999999999995,
      2.8999999999999293,
      0.2333333333333325
    ],
    "deviation-center-line": [
      1.5866276056327728,
      3.7715838404567226,
      0.098125317851795
    ],
    "driving-distance": [
      17.30307094599579,
      15.452730335670385,
      48.4809140056351,
      44.34660077891944,
      0.1678278115236346,
      0.07763935687530221
    ],
    "driving-distance-consecutive": [
      15.452730335670385,
      44.34660077891944,
      0.07763935687530221
    ],
    "survival_time": [
      21.166666666666877,
      59.99999999999915,
      3.3333333333333313
    ],
    "distance-from-start": [
      3.7972893211662466,
      3.8071219015007682,
      0.10199976009495691
    ]
  }
}