{
  "median_totals": {
    "deviation-heading": 5.871842391259981,
    "in-drivable-lane": 13.700000000000154,
    "deviation-center-line": 1.9100115831386317,
    "driving-distance": 11.600681101059642,
    "driving-distance-consecutive": 7.7643864417642385,
    "survival_time": 55.73333333333272,
    "distance-from-start": 3.67122809449799
  },
  "mean_totals": {
    "deviation-heading": 6.434120085265859,
    "in-drivable-lane": 17.577777777777644,
    "deviation-center-line": 2.0509395930566297,
    "driving-distance": 12.160425712991824,
    "driving-distance-consecutive": 8.2747825105278,
    "survival_time": 40.544444444443954,
    "distance-from-start": 3.059901013208122
  },
  "stdev_totals": {
    "deviation-heading": 4.12777481778901,
    "in-drivable-lane": 15.392213840561478,
    "deviation-center-line": 1.3602766856564137,
    "driving-distance": 8.931587974158408,
    "driving-distance-consecutive": 5.651074294116917,
    "survival_time": 24.559170171366862,
    "distance-from-start": 0.8680590622531813
  },
  "episode_totals": {
    "deviation-heading": [
      11.747223783664047,
      1.683294080873547,
      5.871842391259981
    ],
    "in-drivable-lane": [
      13.700000000000154,
      0.9666666666666632,
      38.066666666666116
    ],
    "deviation-center-line": [
      3.7829190100193846,
      0.4598881860118724,
      1.9100115831386317
    ],
    "driving-distance": [
      22.21998838747576,
      15.436975760355045,
      2.117743966607371,
      1.6229853294641157,
      23.80047439228441,
      7.7643864417642385
    ],
    "driving-distance-consecutive": [
      15.436975760355045,
      1.6229853294641157,
      7.7643864417642385
    ],
    "survival_time": [
      55.73333333333272,
      5.899999999999989,
      59.99999999999915
    ],
    "distance-from-start": [
      3.6761914861132223,
      1.8322834590131536,
      3.67122809449799
    ]
  }
}