{
  "median_totals": {
    "deviation-heading": 5.7665745919072275,
    "in-drivable-lane": 5.766666666666781,
    "deviation-center-line": 2.056762760597981,
    "driving-distance": 21.966121464081482,
    "driving-distance-consecutive": 20.93027293834703,
    "survival_time": 31.13333333333404,
    "distance-from-start": 3.815018053147191
  },
  "mean_totals": {
    "deviation-heading": 5.273001518824328,
    "in-drivable-lane": 6.046666666666762,
    "deviation-center-line": 1.876754589805944,
    "driving-distance": 22.132252948746082,
    "driving-distance-consecutive": 18.87064185454445,
    "survival_time": 28.830000000000467,
    "distance-from-start": 3.8074466834457583
  },
  "stdev_totals": {
    "deviation-heading": 1.3457486298790438,
    "in-drivable-lane": 2.8654338434365285,
    "deviation-center-line": 0.5103369743422421,
    "driving-distance": 6.79643129396593,
    "driving-distance-consecutive": 4.844224629048829,
    "survival_time": 7.580434610818312,
    "distance-from-start": 0.05139418967304182
  },
  "episode_totals": {
    "deviation-heading": [
      3.6109656544911277,
      2.6289636950077,
      7.056369689176129,
      6.165800245089823,
      5.158731510113446,
      3.98750596345488,
      6.4873137942500545,
      5.94868044848264,
      6.1012154528456755,
      5.584468735331814
    ],
    "in-drivable-lane": [
      2.2333333333333254,
      2.0999999999999956,
      5.000000000000087,
      6.766666666666718,
      7.266666666666856,
      6.2000000000001005,
      5.000000000000096,
      12.666666666666876,
      5.333333333333463,
      7.900000000000105
    ],
    "deviation-center-line": [
      1.0493664945076886,
      0.8215061271868124,
      2.2706769773402065,
      2.048903462414423,
      2.064622058781539,
      1.700316284072404,
      2.105776816066757,
      2.4445457678971088,
      1.9711518298753359,
      2.2906800799171645
    ],
    "driving-distance": [
      14.678729085055387,
      12.259491550613516,
      11.54295047023929,
      8.99058709301265,
      30.621638558038093,
      24.582990169259016,
      30.413441771207957,
      22.91883046015702,
      26.917704153648224,
      19.309889577058186,
      21.078114126211105,
      14.851840890487079,
      27.1656139596844,
      21.337259687864425,
      33.29319578767022,
      20.52328618882964,
      27.87770415364819,
      21.95106703437721,
      30.349548364074256,
      21.98117589378575
    ],
    "driving-distance-consecutive": [
      12.259491550613516,
      8.99058709301265,
      24.582990169259016,
      22.91883046015702,
      19.309889577058186,
      14.851840890487079,
      21.337259687864425,
      20.52328618882964,
      21.95106703437721,
      21.98117589378575
    ],
    "survival_time": [
      17.36666666666669,
      13.46666666666663,
      34.900000000000574,
      34.10000000000062,
      30.366666666667335,
      24.13333333333369,
      31.033333333334035,
      37.96666666666707,
      31.233333333334045,
      33.733333333333974
    ],
    "distance-from-start": [
      3.7336513224697865,
      3.696212190798094,
      3.848743927263395,
      3.8235099839603923,
      3.802814042901284,
      3.8396926240631397,
      3.848986024636996,
      3.8065261223339895,
      3.8693929976464316,
      3.804937598384071
    ]
  }
}