{
  "median_totals": {
    "deviation-heading": 14.601744478353854,
    "in-drivable-lane": 0.8333333333333446,
    "deviation-center-line": 3.0617536916709915,
    "driving-distance": 22.687464226574896,
    "driving-distance-consecutive": 21.901008890406587,
    "survival_time": 59.99999999999915,
    "distance-from-start": 6.1926681926256135
  },
  "mean_totals": {
    "deviation-heading": 15.082010948891169,
    "in-drivable-lane": 2.044444444444412,
    "deviation-center-line": 3.0974097672326817,
    "driving-distance": 24.140884872737047,
    "driving-distance-consecutive": 23.32452363500059,
    "survival_time": 59.99999999999915,
    "distance-from-start": 6.187678413153795
  },
  "stdev_totals": {
    "deviation-heading": 1.3732652257336118,
    "in-drivable-lane": 1.9777153548201072,
    "deviation-center-line": 0.1744511158418034,
    "driving-distance": 2.9226512508252975,
    "driving-distance-consecutive": 2.3281178262505544,
    "survival_time": 0.0,
    "distance-from-start": 0.01679212536092177
  },
  "episode_totals": {
    "deviation-heading": [
      13.692483434717783,
      16.95180493360187,
      14.601744478353854
    ],
    "in-drivable-lane": [
      0.8333333333333446,
      0.46666666666664014,
      4.83333333333325
    ],
    "deviation-center-line": [
      3.326652731010557,
      2.903822879016497,
      3.0617536916709915
    ],
    "driving-distance": [
      22.88847584224625,
      21.901008890406587,
      22.48645261090354,
      21.46521055935163,
      29.49680987827073,
      26.607351455243542
    ],
    "driving-distance-consecutive": [
      21.901008890406587,
      21.46521055935163,
      26.607351455243542
    ],
    "survival_time": [
      59.99999999999915,
      59.99999999999915,
      59.99999999999915
    ],
    "distance-from-start": [
      6.205290482084534,
      6.165076564751236,
      6.1926681926256135
    ]
  }
}