{
  "median_totals": {
    "deviation-heading": 2.3352367644828997,
    "in-drivable-lane": 12.20000000000014,
    "deviation-center-line": 0.774219969544701,
    "driving-distance": 2.9566534113475536,
    "driving-distance-consecutive": 2.032649317183461,
    "survival_time": 19.733333333333473,
    "distance-from-start": 3.5729344101812672
  },
  "mean_totals": {
    "deviation-heading": 2.340684469066384,
    "in-drivable-lane": 13.222222222222458,
    "deviation-center-line": 0.6915977965390546,
    "driving-distance": 4.997953385602013,
    "driving-distance-consecutive": 1.9980245187074768,
    "survival_time": 20.45555555555582,
    "distance-from-start": 3.2932426328730213
  },
  "stdev_totals": {
    "deviation-heading": 0.32234683584853496,
    "in-drivable-lane": 7.98003682036148,
    "deviation-center-line": 0.18218562027435728,
    "driving-distance": 3.9262977297785873,
    "driving-distance-consecutive": 0.3738916781603375,
    "survival_time": 8.004366092528164,
    "distance-from-start": 0.47101377154297314
  },
  "episode_totals": {
    "deviation-heading": [
      2.738172764739774,
      1.9486438779764792,
      2.3352367644828997
    ],
    "in-drivable-lane": [
      3.9999999999999867,
      23.46666666666725,
      12.20000000000014
    ],
    "deviation-center-line": [
      0.43893964299247706,
      0.861633777079986,
      0.774219969544701
    ],
    "driving-distance": [
      3.475655623047309,
      1.523773039291171,
      12.182827478470394,
      2.437651199647798,
      8.335163655971947,
      2.032649317183461
    ],
    "driving-distance-consecutive": [
      1.523773039291171,
      2.437651199647798,
      2.032649317183461
    ],
    "survival_time": [
      11.033333333333305,
      30.60000000000068,
      19.733333333333473
    ],
    "distance-from-start": [
      2.6298412631528323,
      3.676952225284965,
      3.5729344101812672
    ]
  }
}