{
  "median_totals": {
    "deviation-heading": 4.957671440460268,
    "in-drivable-lane": 19.633333333333642,
    "deviation-center-line": 1.1149457361333677,
    "driving-distance": 9.607755842401197,
    "driving-distance-consecutive": 5.936979062216022,
    "survival_time": 34.16666666666728,
    "distance-from-start": 3.7037862379599855
  },
  "mean_totals": {
    "deviation-heading": 5.003217100073555,
    "in-drivable-lane": 20.455555555555655,
    "deviation-center-line": 1.3637085314841269,
    "driving-distance": 11.76496602736757,
    "driving-distance-consecutive": 6.335596811104281,
    "survival_time": 35.6777777777779,
    "distance-from-start": 3.7028023618565236
  },
  "stdev_totals": {
    "deviation-heading": 2.0465273822892507,
    "in-drivable-lane": 7.724196390339967,
    "deviation-center-line": 0.4821956051191062,
    "driving-distance": 7.000933580905478,
    "driving-distance-consecutive": 2.065178058900346,
    "survival_time": 13.107570143307314,
    "distance-from-start": 0.042885789439958834
  },
  "episode_totals": {
    "deviation-heading": [
      4.957671440460268,
      2.5198263908514034,
      7.532153468908993
    ],
    "in-drivable-lane": [
      19.633333333333642,
      11.433333333333493,
      30.29999999999983
    ],
    "deviation-center-line": [
      1.1149457361333677,
      0.9382202117434364,
      2.0379596465755765
    ],
    "driving-distance": [
      16.79840110700506,
      5.936979062216022,
      10.174958669690515,
      4.0292583559849415,
      24.609645954197006,
      9.040553015111879
    ],
    "driving-distance-consecutive": [
      5.936979062216022,
      4.0292583559849415,
      9.040553015111879
    ],
    "survival_time": [
      34.16666666666728,
      20.433333333333508,
      52.43333333333291
    ],
    "distance-from-start": [
      3.7037862379599855,
      3.649793184780902,
      3.754827662828684
    ]
  }
}