{
  "median_totals": {
    "deviation-heading": 12.309688779652603,
    "in-drivable-lane": 1.2000000000000188,
    "deviation-center-line": 3.213038993169702,
    "driving-distance": 28.936841964182825,
    "driving-distance-consecutive": 27.70010030013166,
    "survival_time": 59.99999999999915,
    "distance-from-start": 6.205770841503533
  },
  "mean_totals": {
    "deviation-heading": 12.525860314395551,
    "in-drivable-lane": 1.0222222222222357,
    "deviation-center-line": 3.337264437471634,
    "driving-distance": 28.664040321445693,
    "driving-distance-consecutive": 27.925390710084002,
    "survival_time": 59.99999999999915,
    "distance-from-start": 6.214283543950672
  },
  "stdev_totals": {
    "deviation-heading": 0.3524146401687424,
    "in-drivable-lane": 0.7723620976436879,
    "deviation-center-line": 0.28287111371149465,
    "driving-distance": 0.8276960016699019,
    "driving-distance-consecutive": 0.5087831493845956,
    "survival_time": 0.0,
    "distance-from-start": 0.01386504659655015
  },
  "episode_totals": {
    "deviation-heading": [
      12.245041828019327,
      12.309688779652603,
      13.022850335514725
    ],
    "in-drivable-lane": [
      1.8666666666666885,
      0.0,
      1.2000000000000188
    ],
    "deviation-center-line": [
      3.7286948325458162,
      3.213038993169702,
      3.0700594866993827
    ],
    "driving-distance": [
      29.24385107766438,
      27.446238979419075,
      29.58803146559196,
      28.629832850701266,
      29.376187255165817,
      27.70010030013166
    ],
    "driving-distance-consecutive": [
      27.446238979419075,
      28.629832850701266,
      27.70010030013166
    ],
    "survival_time": [
      59.99999999999915,
      59.99999999999915,
      59.99999999999915
    ],
    "distance-from-start": [
      6.203242519632287,
      6.205770841503533,
      6.233837270716197
    ]
  }
}