{
  "median_totals": {
    "deviation-heading": 5.5104690452861735,
    "in-drivable-lane": 0.8666666666666707,
    "deviation-center-line": 1.3747133075585127,
    "driving-distance": 15.854503879781465,
    "driving-distance-consecutive": 15.485999469892137,
    "survival_time": 23.86666666666701,
    "distance-from-start": 6.192161472093245
  },
  "mean_totals": {
    "deviation-heading": 5.263054473949857,
    "in-drivable-lane": 1.244444444444457,
    "deviation-center-line": 1.4860135362910871,
    "driving-distance": 16.136265569739958,
    "driving-distance-consecutive": 15.314084156280266,
    "survival_time": 22.933333333333632,
    "distance-from-start": 6.193201673128918
  },
  "stdev_totals": {
    "deviation-heading": 0.7803279933341302,
    "in-drivable-lane": 0.8590836346701362,
    "deviation-center-line": 0.23226885334749606,
    "driving-distance": 1.5254661164887204,
    "driving-distance-consecutive": 0.8213630674089741,
    "survival_time": 2.668471611380089,
    "distance-from-start": 0.024598621578411552
  },
  "episode_totals": {
    "deviation-heading": [
      6.0707210059237635,
      4.207973370639633,
      5.5104690452861735
    ],
    "in-drivable-lane": [
      2.433333333333368,
      0.4333333333333318,
      0.8666666666666707
    ],
    "deviation-center-line": [
      1.809305995337917,
      1.2740213059768315,
      1.3747133075585127
    ],
    "driving-distance": [
      18.988235209159477,
      16.223008289670794,
      15.0209437041528,
      14.23324470927787,
      16.866162036286678,
      15.485999469892137
    ],
    "driving-distance-consecutive": [
      16.223008289670794,
      14.23324470927787,
      15.485999469892137
    ],
    "survival_time": [
      25.633333333333766,
      19.300000000000118,
      23.86666666666701
    ],
    "distance-from-start": [
      6.163608209233173,
      6.192161472093245,
      6.223835338060335
    ]
  }
}