{
  "median_totals": {
    "deviation-heading": 8.77898947476899,
    "in-drivable-lane": 22.299999999999827,
    "deviation-center-line": 2.7114135242832123,
    "driving-distance": 11.801421715927962,
    "driving-distance-consecutive": 10.353320700256173,
    "survival_time": 55.099999999999426,
    "distance-from-start": 3.7837912952832293
  },
  "mean_totals": {
    "deviation-heading": 7.809893644707354,
    "in-drivable-lane": 20.333333333333314,
    "deviation-center-line": 2.5485500137068837,
    "driving-distance": 13.563464585857647,
    "driving-distance-consecutive": 9.290078570178327,
    "survival_time": 49.77777777777751,
    "distance-from-start": 3.7640410800034947
  },
  "stdev_totals": {
    "deviation-heading": 1.4341666390959487,
    "in-drivable-lane": 5.394304266401355,
    "deviation-center-line": 0.6187351467581373,
    "driving-distance": 5.2141173256036675,
    "driving-distance-consecutive": 1.7965949901208014,
    "survival_time": 11.17213243789485,
    "distance-from-start": 0.03361554798410527
  },
  "episode_totals": {
    "deviation-heading": [
      5.78233215969035,
      8.868359299662723,
      8.77898947476899
    ],
    "in-drivable-lane": [
      12.966666666667,
      25.733333333333114,
      22.299999999999827
    ],
    "deviation-center-line": [
      1.7225671316028461,
      2.7114135242832123,
      3.2116693852345923
    ],
    "driving-distance": [
      12.845944667281712,
      6.760016245704595,
      22.135658072704576,
      10.353320700256173,
      18.52894906462462,
      10.756898764574213
    ],
    "driving-distance-consecutive": [
      6.760016245704595,
      10.353320700256173,
      10.756898764574213
    ],
    "survival_time": [
      34.233333333333945,
      55.099999999999426,
      59.99999999999915
    ],
    "distance-from-start": [
      3.716716615270206,
      3.7837912952832293,
      3.79161532945705
    ]
  }
}