{
  "median_totals": {
    "deviation-heading": 8.477764304019697,
    "in-drivable-lane": 28.499999999999808,
    "deviation-center-line": 3.129564031546665,
    "driving-distance": 21.676013970852964,
    "driving-distance-consecutive": 13.382332444741625,
    "survival_time": 59.99999999999915,
    "distance-from-start": 3.7320863824210453
  },
  "mean_totals": {
    "deviation-heading": 8.412348900410745,
    "in-drivable-lane": 28.788888888888565,
    "deviation-center-line": 2.9668189991800724,
    "driving-distance": 21.74090539761592,
    "driving-distance-consecutive": 13.695022024938565,
    "survival_time": 59.99999999999915,
    "distance-from-start": 3.732602330514819
  },
  "stdev_totals": {
    "deviation-heading": 0.3455873799804658,
    "in-drivable-lane": 1.8619649782547036,
    "deviation-center-line": 0.4058802417268646,
    "driving-distance": 8.145713213268508,
    "driving-distance-consecutive": 1.182822712212152,
    "survival_time": 0.0,
    "distance-from-start": 0.0051574349559999596
  },
  "episode_totals": {
    "deviation-heading": [
      8.799089138797484,
      7.960193258415055,
      8.477764304019697
    ],
    "in-drivable-lane": [
      26.666666666666224,
      28.499999999999808,
      31.199999999999665
    ],
    "deviation-center-line": [
      3.129564031546665,
      3.362147329195296,
      2.408745636798257
    ],
    "driving-distance": [
      28.077540164622956,
      13.382332444741625,
      31.389384375049023,
      15.274487777082975,
      29.893441771207858,
      12.428245852991093
    ],
    "driving-distance-consecutive": [
      13.382332444741625,
      15.274487777082975,
      12.428245852991093
    ],
    "survival_time": [
      59.99999999999915,
      59.99999999999915,
      59.99999999999915
    ],
    "distance-from-start": [
      3.7320863824210453,
      3.7391610228669037,
      3.726559586256508
    ]
  }
}