{
  "median_totals": {
    "deviation-heading": 10.312467005635657,
    "in-drivable-lane": 2.099999999999976,
    "deviation-center-line": 4.073598048470512,
    "driving-distance": 25.833409291126753,
    "driving-distance-consecutive": 25.368297206497246,
    "survival_time": 59.99999999999915,
    "distance-from-start": 3.4055229333817283
  },
  "mean_totals": {
    "deviation-heading": 8.49372997983972,
    "in-drivable-lane": 2.1666666666666448,
    "deviation-center-line": 3.45896764881377,
    "driving-distance": 22.214828370856896,
    "driving-distance-consecutive": 21.496278900418655,
    "survival_time": 49.77777777777741,
    "distance-from-start": 3.3861734157288255
  },
  "stdev_totals": {
    "deviation-heading": 2.772645991334679,
    "in-drivable-lane": 0.8993825042154902,
    "deviation-center-line": 0.8923591817446964,
    "driving-distance": 6.33498304279658,
    "driving-distance-consecutive": 6.452402554537467,
    "survival_time": 14.456405304257611,
    "distance-from-start": 0.035612315061736774
  },
  "episode_totals": {
    "deviation-heading": [
      4.575957336319403,
      10.592765597564101,
      10.312467005635657
    ],
    "in-drivable-lane": [
      3.3000000000000043,
      2.099999999999976,
      1.0999999999999535
    ],
    "deviation-center-line": [
      2.1971214292016303,
      4.106183468769168,
      4.073598048470512
    ],
    "driving-distance": [
      14.329556252766935,
      12.404443186684452,
      28.17205589536225,
      26.716096308074256,
      26.29852137575626,
      25.368297206497246
    ],
    "driving-distance-consecutive": [
      12.404443186684452,
      26.716096308074256,
      25.368297206497246
    ],
    "survival_time": [
      29.33333333333395,
      59.99999999999915,
      59.99999999999915
    ],
    "distance-from-start": [
      3.3362301505849725,
      3.4167671632197756,
      3.4055229333817283
    ]
  }
}