{
  "median_totals": {
    "deviation-heading": 5.817114035900445,
    "in-drivable-lane": 14.433333333333078,
    "deviation-center-line": 3.4024944469328045,
    "driving-distance": 30.74095302372231,
    "driving-distance-consecutive": 24.8512998995565,
    "survival_time": 59.99999999999915,
    "distance-from-start": 3.3433295178179696
  },
  "mean_totals": {
    "deviation-heading": 5.005259553387481,
    "in-drivable-lane": 13.55666666666649,
    "deviation-center-line": 2.56211193169118,
    "driving-distance": 27.158563667252924,
    "driving-distance-consecutive": 20.88384695309988,
    "survival_time": 39.73333333333282,
    "distance-from-start": 3.0662418864792924
  },
  "stdev_totals": {
    "deviation-heading": 2.7355173639918795,
    "in-drivable-lane": 11.0657534763791,
    "deviation-center-line": 1.7397230689244574,
    "driving-distance": 19.79430756798881,
    "driving-distance-consecutive": 14.60991763349191,
    "survival_time": 25.1794713562012,
    "distance-from-start": 0.8106620585008449
  },
  "episode_totals": {
    "deviation-heading": [
      1.7415954184278495,
      4.744412808837251,
      6.7825269848266245,
      6.982379083363742,
      0.510754576632805,
      8.364982288156558,
      7.163472632803677,
      7.63884473841209,
      1.2719259154399487,
      4.851701086974267
    ],
    "in-drivable-lane": [
      4.166666666666653,
      35.76666666666612,
      23.066666666666343,
      22.59999999999976,
      0.0,
      16.533333333333008,
      16.66666666666648,
      12.333333333333147,
      0.0,
      4.433333333333403
    ],
    "deviation-center-line": [
      0.3637906155462327,
      2.9479466572430315,
      4.06629922492967,
      3.8570422366225774,
      0.0744183112917629,
      4.0652485309336175,
      4.427420756323423,
      4.23647211013165,
      0.3773656321520906,
      1.2051152417377389
    ],
    "driving-distance": [
      6.524876508115565,
      2.71654640125264,
      50.71890592783771,
      19.047930194092395,
      51.9922423470664,
      30.654669605020608,
      51.78603508477181,
      30.82723644242401,
      0.7058715599254106,
      0.6630820036183716,
      50.550111576993395,
      34.93668649014692,
      51.21251150356103,
      35.8475791655479,
      51.8918615705468,
      40.31202520118145,
      4.927068289695577,
      4.81576344436415,
      14.023319445545805,
      9.016950583350367
    ],
    "driving-distance-consecutive": [
      2.71654640125264,
      19.047930194092395,
      30.654669605020608,
      30.82723644242401,
      0.6630820036183716,
      34.93668649014692,
      35.8475791655479,
      40.31202520118145,
      4.81576344436415,
      9.016950583350367
    ],
    "survival_time": [
      10.36666666666664,
      59.99999999999915,
      59.99999999999915,
      59.99999999999915,
      1.3000000000000007,
      59.99999999999915,
      59.99999999999915,
      59.99999999999915,
      6.1666666666666545,
      19.500000000000128
    ],
    "distance-from-start": [
      3.1829670317092695,
      3.3410443301250154,
      3.33306511401803,
      3.4406825719398624,
      0.6677706296653515,
      3.4188950977103842,
      3.4776748192390854,
      3.445205581683129,
      3.0094989831918717,
      3.345614705510924
    ]
  }
}