{
  "median_totals": {
    "deviation-heading": 7.58361853709387,
    "in-drivable-lane": 4.433333333333291,
    "deviation-center-line": 3.4890359513980003,
    "driving-distance": 31.364218733899975,
    "driving-distance-consecutive": 28.319653437883787,
    "survival_time": 45.366666666666646,
    "distance-from-start": 3.8003997934823026
  },
  "mean_totals": {
    "deviation-heading": 7.853204275157193,
    "in-drivable-lane": 4.733333333333319,
    "deviation-center-line": 3.201045985885933,
    "driving-distance": 30.095672930722532,
    "driving-distance-consecutive": 27.756260542912866,
    "survival_time": 43.077777777777605,
    "distance-from-start": 3.792033780552057
  },
  "stdev_totals": {
    "deviation-heading": 2.267591523835647,
    "in-drivable-lane": 1.2563910691016504,
    "deviation-center-line": 1.1900362721857487,
    "driving-distance": 11.187532267447926,
    "driving-distance-consecutive": 10.69401841870959,
    "survival_time": 14.839894512286413,
    "distance-from-start": 0.012347949039815205
  },
  "episode_totals": {
    "deviation-heading": [
      10.755387544156223,
      5.220606744221487,
      7.58361853709387
    ],
    "in-drivable-lane": [
      4.433333333333291,
      3.3666666666667346,
      6.399999999999931
    ],
    "deviation-center-line": [
      4.493043979609903,
      1.6210580266498964,
      3.4890359513980003
    ],
    "driving-distance": [
      45.03497302082491,
      40.56291717150127,
      17.8614989048555,
      14.386211019353548,
      34.40878402991616,
      28.319653437883787
    ],
    "driving-distance-consecutive": [
      40.56291717150127,
      14.386211019353548,
      28.319653437883787
    ],
    "survival_time": [
      59.99999999999915,
      23.86666666666701,
      45.366666666666646
    ],
    "distance-from-start": [
      3.8011253791271247,
      3.7745761690467448,
      3.8003997934823026
    ]
  }
}