{
  "median_totals": {
    "deviation-heading": 7.315011091112758,
    "in-drivable-lane": 11.050000000000066,
    "deviation-center-line": 3.119096876994271,
    "driving-distance": 31.576632002005518,
    "driving-distance-consecutive": 29.69478837304205,
    "survival_time": 47.233333333333206,
    "distance-from-start": 4.3747030564300236
  },
  "mean_totals": {
    "deviation-heading": 7.048748245227235,
    "in-drivable-lane": 11.306666666666668,
    "deviation-center-line": 2.761425886106326,
    "driving-distance": 33.21484122141104,
    "driving-distance-consecutive": 27.181427468893606,
    "survival_time": 42.49999999999983,
    "distance-from-start": 4.387187443898489
  },
  "stdev_totals": {
    "deviation-heading": 2.617743760044674,
    "in-drivable-lane": 6.083946087861018,
    "deviation-center-line": 1.1125967385207831,
    "driving-distance": 14.570647136707398,
    "driving-distance-consecutive": 10.663368743129842,
    "survival_time": 16.61293338202324,
    "distance-from-start": 0.04655607349033796
  },
  "episode_totals": {
    "deviation-heading": [
      9.373949434865734,
      7.036265314064775,
      6.00202944011813,
      7.5937568681607415,
      3.667829451110705,
      9.727701904219717,
      6.0169283134825085,
      10.673971297235092,
      1.8765238358649017,
      8.518526593150039
    ],
    "in-drivable-lane": [
      22.666666666666547,
      13.833333333333545,
      11.466666666666836,
      17.866666666666536,
      6.400000000000135,
      15.19999999999982,
      4.500000000000046,
      10.633333333333297,
      1.233333333333329,
      9.266666666666598
    ],
    "deviation-center-line": [
      3.5713699495437035,
      3.096995461138361,
      2.1499706852087734,
      3.381543663968012,
      1.4826128744481366,
      4.324672333945866,
      1.8521013268141173,
      3.948281003944068,
      0.6655132692020407,
      3.1411982928501803
    ],
    "driving-distance": [
      55.78690210951826,
      31.027609047070477,
      42.7011055937062,
      28.78577998657275,
      32.12565495694056,
      20.217381941738324,
      49.124630025533214,
      30.603796759511354,
      20.83069628725023,
      13.85706027433134,
      55.34794947107891,
      39.32910710561336,
      28.669835344868233,
      23.682538585830986,
      55.25987567601761,
      43.15283136394618,
      8.343401440058356,
      6.797175954531634,
      44.292498834313285,
      34.36099366978965
    ],
    "driving-distance-consecutive": [
      31.027609047070477,
      28.78577998657275,
      20.217381941738324,
      30.603796759511354,
      13.85706027433134,
      39.32910710561336,
      23.682538585830986,
      43.15283136394618,
      6.797175954531634,
      34.36099366978965
    ],
    "survival_time": [
      59.99999999999915,
      45.566666666666634,
      35.366666666667214,
      52.46666666666624,
      22.200000000000262,
      59.99999999999915,
      31.166666666667375,
      59.99999999999915,
      9.33333333333331,
      48.89999999999978
    ],
    "distance-from-start": [
      4.403938645706922,
      4.363323149634898,
      4.3343747735992215,
      4.3655536887271,
      4.332463823190038,
      4.383852424132947,
      4.472018233773271,
      4.46206653482763,
      4.405039594585107,
      4.3492435708077535
    ]
  }
}