{
  "median_totals": {
    "deviation-heading": 8.831122020658805,
    "in-drivable-lane": 28.93333333333301,
    "deviation-center-line": 2.9464150489614807,
    "driving-distance": 22.556166347114207,
    "driving-distance-consecutive": 14.034035898223928,
    "survival_time": 59.99999999999915,
    "distance-from-start": 3.676484618055253
  },
  "mean_totals": {
    "deviation-heading": 8.354835243849415,
    "in-drivable-lane": 31.366666666666305,
    "deviation-center-line": 2.636085855202443,
    "driving-distance": 22.533117119451063,
    "driving-distance-consecutive": 13.608941932165772,
    "survival_time": 59.99999999999915,
    "distance-from-start": 3.6743671668863853
  },
  "stdev_totals": {
    "deviation-heading": 0.8010785483507098,
    "in-drivable-lane": 3.8002923864120897,
    "deviation-center-line": 0.44012250254307267,
    "driving-distance": 9.101328684376545,
    "driving-distance-consecutive": 1.9295706190471698,
    "survival_time": 0.0,
    "distance-from-start": 0.006595020600253393
  },
  "episode_totals": {
    "deviation-heading": [
      7.226493315444281,
      9.006890395445158,
      8.831122020658805
    ],
    "in-drivable-lane": [
      36.73333333333287,
      28.433333333333028,
      28.93333333333301
    ],
    "deviation-center-line": [
      2.013659479987894,
      2.9464150489614807,
      2.948183036657954
    ],
    "driving-distance": [
      31.621392574500337,
      11.062013767570402,
      29.381556563525436,
      14.034035898223928,
      33.368927782183285,
      15.730776130702981
    ],
    "driving-distance-consecutive": [
      11.062013767570402,
      14.034035898223928,
      15.730776130702981
    ],
    "survival_time": [
      59.99999999999915,
      59.99999999999915,
      59.99999999999915
    ],
    "distance-from-start": [
      3.681174745738422,
      3.66544213686548,
      3.676484618055253
    ]
  }
}