{
  "median_totals": {
    "deviation-heading": 6.737539754174116,
    "in-drivable-lane": 25.433333333333493,
    "deviation-center-line": 2.1973462401780712,
    "driving-distance": 17.982538951514854,
    "driving-distance-consecutive": 12.152381958014269,
    "survival_time": 47.69999999999985,
    "distance-from-start": 3.731001291042334
  },
  "mean_totals": {
    "deviation-heading": 6.4041160877342875,
    "in-drivable-lane": 25.566666666666748,
    "deviation-center-line": 2.0511259801859194,
    "driving-distance": 19.761526530596683,
    "driving-distance-consecutive": 11.62864364081446,
    "survival_time": 47.144444444444325,
    "distance-from-start": 3.769260972128523
  },
  "stdev_totals": {
    "deviation-heading": 1.4029938615700754,
    "in-drivable-lane": 5.689040796582642,
    "deviation-center-line": 0.41012776729721034,
    "driving-distance": 9.133351867341917,
    "driving-distance-consecutive": 2.4693226912274584,
    "survival_time": 10.730514927871397,
    "distance-from-start": 0.07339332005111854
  },
  "episode_totals": {
    "deviation-heading": [
      7.9312782632288155,
      4.543530245799931,
      6.737539754174116
    ],
    "in-drivable-lane": [
      32.59999999999967,
      18.66666666666709,
      25.433333333333493
    ],
    "deviation-center-line": [
      2.464093935417066,
      1.4919377649626215,
      2.1973462401780712
    ],
    "driving-distance": [
      34.64853243011846,
      14.35685900634406,
      21.608218896685653,
      8.376689958085052,
      27.426476934332594,
      12.152381958014269
    ],
    "driving-distance-consecutive": [
      14.35685900634406,
      8.376689958085052,
      12.152381958014269
    ],
    "survival_time": [
      59.99999999999915,
      33.733333333333974,
      47.69999999999985
    ],
    "distance-from-start": [
      3.731001291042334,
      3.7048323496377864,
      3.8719492757054494
    ]
  }
}