{
  "median_totals": {
    "deviation-heading": 11.577934457679577,
    "in-drivable-lane": 0.7999999999999954,
    "deviation-center-line": 3.2984064160968503,
    "driving-distance": 28.87036884748101,
    "driving-distance-consecutive": 28.50272618147818,
    "survival_time": 59.99999999999915,
    "distance-from-start": 3.7983505665273256
  },
  "mean_totals": {
    "deviation-heading": 10.764029801267961,
    "in-drivable-lane": 1.0222222222222463,
    "deviation-center-line": 3.221969195578184,
    "driving-distance": 27.602877998865456,
    "driving-distance-consecutive": 26.910237920346745,
    "survival_time": 55.63333333333273,
    "distance-from-start": 3.8136309440339073
  },
  "stdev_totals": {
    "deviation-heading": 1.2336570577886887,
    "in-drivable-lane": 0.6983225049987312,
    "deviation-center-line": 0.5271828309558072,
    "driving-distance": 3.0672028319271933,
    "driving-distance-consecutive": 2.7882492576753095,
    "survival_time": 6.175399222362164,
    "distance-from-start": 0.023862198377265935
  },
  "episode_totals": {
    "deviation-heading": [
      11.693503307910984,
      9.020651638213328,
      11.577934457679577
    ],
    "in-drivable-lane": [
      1.9666666666667432,
      0.3000000000000007,
      0.7999999999999954
    ],
    "deviation-center-line": [
      3.82601269643191,
      2.5414884742057904,
      3.2984064160968503
    ],
    "driving-distance": [
      30.55672021949732,
      28.50272618147818,
      23.805203987121597,
      22.989976066078217,
      30.524630025533554,
      29.238011513483844
    ],
    "driving-distance-consecutive": [
      28.50272618147818,
      22.989976066078217,
      29.238011513483844
    ],
    "survival_time": [
      59.99999999999915,
      46.89999999999989,
      59.99999999999915
    ],
    "distance-from-start": [
      3.847328556192751,
      3.7952137093816454,
      3.7983505665273256
    ]
  }
}