{
  "median_totals": {
    "deviation-heading": 1.0825563334809667,
    "in-drivable-lane": 6.366666666666646,
    "deviation-center-line": 0.20219490326582956,
    "driving-distance": 3.751760838175641,
    "driving-distance-consecutive": 0.4772930434625944,
    "survival_time": 8.899999999999979,
    "distance-from-start": 2.875394764447529
  },
  "mean_totals": {
    "deviation-heading": 1.5066523861637477,
    "in-drivable-lane": 14.488888888888974,
    "deviation-center-line": 0.43264349202402624,
    "driving-distance": 7.912127706673509,
    "driving-distance-consecutive": 2.0109811878563657,
    "survival_time": 18.611111111111175,
    "distance-from-start": 3.3016511511954554
  },
  "stdev_totals": {
    "deviation-heading": 0.9589201347302851,
    "in-drivable-lane": 12.634823522000712,
    "deviation-center-line": 0.4243374815989291,
    "driving-distance": 11.781205516727207,
    "driving-distance-consecutive": 2.3275483308381024,
    "survival_time": 15.877595053765594,
    "distance-from-start": 0.7464750732570935
  },
  "episode_totals": {
    "deviation-heading": [
      1.0825563334809667,
      0.6031742403509905,
      2.834226584659286
    ],
    "in-drivable-lane": [
      6.366666666666646,
      4.766666666666655,
      32.33333333333363
    ],
    "deviation-center-line": [
      0.20219490326582956,
      0.06800996017841987,
      1.0277256126278294
    ],
    "driving-distance": [
      4.054155934877423,
      0.4772930434625944,
      3.4493657414738585,
      0.25551037975175594,
      33.93630100012067,
      5.300140140354747
    ],
    "driving-distance-consecutive": [
      0.4772930434625944,
      0.25551037975175594,
      5.300140140354747
    ],
    "survival_time": [
      8.899999999999979,
      5.933333333333322,
      41.00000000000023
    ],
    "distance-from-start": [
      2.875394764447529,
      2.678378321101175,
      4.351180368037663
    ]
  }
}