{
  "median_totals": {
    "deviation-heading": 6.1086338502128195,
    "in-drivable-lane": 1.866666666666658,
    "deviation-center-line": 2.2271680139282335,
    "driving-distance": 33.069073860813695,
    "driving-distance-consecutive": 31.220033595416574,
    "survival_time": 35.400000000000546,
    "distance-from-start": 3.429599858621612
  },
  "mean_totals": {
    "deviation-heading": 6.737400811064748,
    "in-drivable-lane": 1.6444444444444475,
    "deviation-center-line": 2.5165691006822954,
    "driving-distance": 36.822438755758675,
    "driving-distance-consecutive": 35.53594577780567,
    "survival_time": 39.04444444444442,
    "distance-from-start": 3.414860044549186
  },
  "stdev_totals": {
    "deviation-heading": 2.5934715156054238,
    "in-drivable-lane": 1.0730135249340391,
    "deviation-center-line": 1.050413226271726,
    "driving-distance": 15.607431968194938,
    "driving-distance-consecutive": 15.112304934443227,
    "survival_time": 15.833423001694905,
    "distance-from-start": 0.02354369298465427
  },
  "episode_totals": {
    "deviation-heading": [
      3.922466341027573,
      6.1086338502128195,
      10.181102241953848
    ],
    "in-drivable-lane": [
      0.2333333333333325,
      2.8333333333333517,
      1.866666666666658
    ],
    "deviation-center-line": [
      1.399430836156732,
      2.2271680139282335,
      3.923108451961921
    ],
    "driving-distance": [
      20.323887060366076,
      19.56651051853766,
      34.91811412621082,
      31.220033595416574,
      59.084794014558156,
      55.821293219462774
    ],
    "driving-distance-consecutive": [
      19.56651051853766,
      31.220033595416574,
      55.821293219462774
    ],
    "survival_time": [
      21.733333333333572,
      35.400000000000546,
      59.99999999999915
    ],
    "distance-from-start": [
      3.429599858621612,
      3.3816345456638928,
      3.433345729362053
    ]
  }
}