{
  "median_totals": {
    "deviation-heading": 13.849762100442005,
    "in-drivable-lane": 3.100000000000026,
    "deviation-center-line": 3.828053176913407,
    "driving-distance": 42.185863325168725,
    "driving-distance-consecutive": 40.6102094826063,
    "survival_time": 59.99999999999915,
    "distance-from-start": 6.211099737758709
  },
  "mean_totals": {
    "deviation-heading": 9.759975062986749,
    "in-drivable-lane": 2.455555555555568,
    "deviation-center-line": 2.692274734247242,
    "driving-distance": 30.825054772686013,
    "driving-distance-consecutive": 29.109961626776947,
    "survival_time": 41.67777777777721,
    "distance-from-start": 5.272654263877363
  },
  "stdev_totals": {
    "deviation-heading": 5.83576563109348,
    "in-drivable-lane": 1.3067724824879343,
    "deviation-center-line": 1.6062649064512542,
    "driving-distance": 19.556704134111982,
    "driving-distance-consecutive": 18.536815632853397,
    "survival_time": 25.91153515947998,
    "distance-from-start": 1.3336634804150564
  },
  "episode_totals": {
    "deviation-heading": [
      13.849762100442005,
      1.5070647721510564,
      13.923098316367186
    ],
    "in-drivable-lane": [
      3.633333333333347,
      0.6333333333333311,
      3.100000000000026
    ],
    "deviation-center-line": [
      3.828097906901595,
      0.4206731189267233,
      3.828053176913407
    ],
    "driving-distance": [
      45.29288337377387,
      40.6102094826063,
      3.776844282574242,
      2.9581582299933777,
      48.55071609943715,
      43.76151716773115
    ],
    "driving-distance-consecutive": [
      40.6102094826063,
      2.9581582299933777,
      43.76151716773115
    ],
    "survival_time": [
      59.99999999999915,
      5.033333333333325,
      59.99999999999915
    ],
    "distance-from-start": [
      6.220286314098351,
      3.3865767397750295,
      6.211099737758709
    ]
  }
}