{
  "median_totals": {
    "deviation-heading": 9.748120337292036,
    "in-drivable-lane": 9.033333333333196,
    "deviation-center-line": 3.879221058182,
    "driving-distance": 33.71432854858578,
    "driving-distance-consecutive": 31.426657152335324,
    "survival_time": 59.99999999999915,
    "distance-from-start": 4.375225129154451
  },
  "mean_totals": {
    "deviation-heading": 8.528407262316342,
    "in-drivable-lane": 8.6888888888888,
    "deviation-center-line": 3.4108465077782752,
    "driving-distance": 30.6965732565673,
    "driving-distance-consecutive": 27.07051645701309,
    "survival_time": 48.9111111111107,
    "distance-from-start": 4.387064466138541
  },
  "stdev_totals": {
    "deviation-heading": 2.798773060258266,
    "in-drivable-lane": 4.184834465802906,
    "deviation-center-line": 1.023672756351391,
    "driving-distance": 11.863981015492321,
    "driving-distance-consecutive": 9.579636657744567,
    "survival_time": 15.682057058314355,
    "distance-from-start": 0.027735692171072825
  },
  "episode_totals": {
    "deviation-heading": [
      4.657581394201307,
      9.748120337292036,
      11.179520055455683
    ],
    "in-drivable-lane": [
      3.4000000000000687,
      13.63333333333313,
      9.033333333333196
    ],
    "deviation-center-line": [
      1.9903507446422406,
      4.362967720510586,
      3.879221058182
    ],
    "driving-distance": [
      16.25744139588516,
      13.782892273867695,
      42.72290000109228,
      31.426657152335324,
      43.98754877138711,
      36.00199994483625
    ],
    "driving-distance-consecutive": [
      13.782892273867695,
      31.426657152335324,
      36.00199994483625
    ],
    "survival_time": [
      26.73333333333382,
      59.99999999999915,
      59.99999999999915
    ],
    "distance-from-start": [
      4.375225129154451,
      4.360599331016149,
      4.425368938245023
    ]
  }
}