{
  "median_totals": {
    "deviation-heading": 11.661180140149362,
    "in-drivable-lane": 10.533333333333372,
    "deviation-center-line": 4.175014056461169,
    "driving-distance": 37.647070850527,
    "driving-distance-consecutive": 33.38633108852289,
    "survival_time": 59.99999999999915,
    "distance-from-start": 3.840075490304375
  },
  "mean_totals": {
    "deviation-heading": 10.965207991089494,
    "in-drivable-lane": 10.644444444444373,
    "deviation-center-line": 3.6747219786947825,
    "driving-distance": 38.098289547001876,
    "driving-distance-consecutive": 32.618132872794014,
    "survival_time": 53.81111111111061,
    "distance-from-start": 3.8296257524160437
  },
  "stdev_totals": {
    "deviation-heading": 2.3995875282373493,
    "in-drivable-lane": 3.402976184691895,
    "deviation-center-line": 0.7088707625773352,
    "driving-distance": 9.42394881116853,
    "driving-distance-consecutive": 7.9172619371084,
    "survival_time": 8.752410602686323,
    "distance-from-start": 0.04095036980636341
  },
  "episode_totals": {
    "deviation-heading": [
      7.7408096487669065,
      11.661180140149362,
      13.493634184352219
    ],
    "in-drivable-lane": [
      10.533333333333372,
      14.866666666666536,
      6.533333333333212
    ],
    "deviation-center-line": [
      2.6722279387186094,
      4.17692394090457,
      4.175014056461169
    ],
    "driving-distance": [
      33.15014901990419,
      22.560256917328054,
      47.92686374079088,
      33.38633108852289,
      49.65832590293415,
      41.907810612531115
    ],
    "driving-distance-consecutive": [
      22.560256917328054,
      33.38633108852289,
      41.907810612531115
    ],
    "survival_time": [
      41.433333333333536,
      59.99999999999915,
      59.99999999999915
    ],
    "distance-from-start": [
      3.775070351197578,
      3.840075490304375,
      3.873731415746178
    ]
  }
}