{
  "median_totals": {
    "deviation-heading": 4.797313133173149,
    "in-drivable-lane": 5.600000000000087,
    "deviation-center-line": 1.524948688503246,
    "driving-distance": 12.649542674113377,
    "driving-distance-consecutive": 10.636353048252074,
    "survival_time": 25.633333333333766,
    "distance-from-start": 3.384673146330085
  },
  "mean_totals": {
    "deviation-heading": 5.466235474032512,
    "in-drivable-lane": 7.444444444444429,
    "deviation-center-line": 2.192008147577306,
    "driving-distance": 15.174830068217082,
    "driving-distance-consecutive": 12.504462583609138,
    "survival_time": 31.26666666666652,
    "distance-from-start": 3.3058634383121874
  },
  "stdev_totals": {
    "deviation-heading": 3.382467677383346,
    "in-drivable-lane": 5.650325020696194,
    "deviation-center-line": 1.8505960910762778,
    "driving-distance": 10.789795038175843,
    "driving-distance-consecutive": 8.28864342745992,
    "survival_time": 21.532524924625353,
    "distance-from-start": 0.11874588985470962
  },
  "episode_totals": {
    "deviation-heading": [
      4.797313133173149,
      1.698741188921623,
      9.902652100002765
    ],
    "in-drivable-lane": [
      5.600000000000087,
      1.6333333333333275,
      15.099999999999872
    ],
    "deviation-center-line": [
      1.524948688503246,
      0.33388722132882376,
      4.717188532899848
    ],
    "driving-distance": [
      14.66273229997468,
      10.636353048252074,
      4.698113966961352,
      3.416788963714354,
      34.17474639153905,
      23.460245738860984
    ],
    "driving-distance-consecutive": [
      10.636353048252074,
      3.416788963714354,
      23.460245738860984
    ],
    "survival_time": [
      25.633333333333766,
      8.166666666666648,
      59.99999999999915
    ],
    "distance-from-start": [
      3.394882304766713,
      3.138034863839765,
      3.384673146330085
    ]
  }
}