{
  "median_totals": {
    "deviation-heading": 10.260911495864672,
    "in-drivable-lane": 25.966666666666228,
    "deviation-center-line": 2.5493038796355743,
    "driving-distance": 15.327345358566534,
    "driving-distance-consecutive": 14.513240289092604,
    "survival_time": 59.99999999999915,
    "distance-from-start": 6.070226087961765
  },
  "mean_totals": {
    "deviation-heading": 8.141500678332592,
    "in-drivable-lane": 21.222222222221934,
    "deviation-center-line": 2.0724454553060903,
    "driving-distance": 18.036207783160226,
    "driving-distance-consecutive": 11.09594275398961,
    "survival_time": 44.02222222222164,
    "distance-from-start": 5.677322461877901
  },
  "stdev_totals": {
    "deviation-heading": 3.9770813680532373,
    "in-drivable-lane": 12.056789491382094,
    "deviation-center-line": 1.101184526038399,
    "driving-distance": 12.795822798219847,
    "driving-distance-consecutive": 6.0209119503169575,
    "survival_time": 22.5959900299164,
    "distance-from-start": 0.5577805996449251
  },
  "episode_totals": {
    "deviation-heading": [
      2.56994003562228,
      11.593650503510823,
      10.260911495864672
    ],
    "in-drivable-lane": [
      4.66666666666665,
      25.966666666666228,
      33.03333333333292
    ],
    "deviation-center-line": [
      0.5501293427723473,
      3.11790314351035,
      2.5493038796355743
    ],
    "driving-distance": [
      5.491680221401056,
      2.6331375448357575,
      31.966146924015863,
      16.141450428040464,
      37.47159129157561,
      14.513240289092604
    ],
    "driving-distance-consecutive": [
      2.6331375448357575,
      16.141450428040464,
      14.513240289092604
    ],
    "survival_time": [
      12.066666666666634,
      59.99999999999915,
      59.99999999999915
    ],
    "distance-from-start": [
      4.888503489493057,
      6.073237808178883,
      6.070226087961765
    ]
  }
}