{
  "median_totals": {
    "deviation-heading": 16.85463838748768,
    "in-drivable-lane": 0.0,
    "deviation-center-line": 3.515674785892032,
    "driving-distance": 13.591153519295208,
    "driving-distance-consecutive": 13.246660712601566,
    "survival_time": 59.99999999999915,
    "distance-from-start": 3.8062356526089665
  },
  "mean_totals": {
    "deviation-heading": 16.655790706916665,
    "in-drivable-lane": 0.5222222222222204,
    "deviation-center-line": 3.514545435920205,
    "driving-distance": 12.69255142414188,
    "driving-distance-consecutive": 12.433949517006992,
    "survival_time": 59.99999999999915,
    "distance-from-start": 3.797816850004228
  },
  "stdev_totals": {
    "deviation-heading": 0.6654346940091814,
    "in-drivable-lane": 0.7385337492392803,
    "deviation-center-line": 0.08724731442740734,
    "driving-distance": 1.7412454037741225,
    "driving-distance-consecutive": 1.6605297553490292,
    "survival_time": 0.0,
    "distance-from-start": 0.02471052496740867
  },
  "episode_totals": {
    "deviation-heading": [
      15.759780588858762,
      16.85463838748768,
      17.35295314440356
    ],
    "in-drivable-lane": [
      0.0,
      1.566666666666661,
      0.0
    ],
    "deviation-center-line": [
      3.515674785892032,
      3.407129536146397,
      3.620831985722186
    ],
    "driving-distance": [
      14.463682769626365,
      13.935646325988849,
      13.939404089352674,
      13.246660712601566,
      10.450373134851269,
      10.119541512430558
    ],
    "driving-distance-consecutive": [
      13.935646325988849,
      13.246660712601566,
      10.119541512430558
    ],
    "survival_time": [
      59.99999999999915,
      59.99999999999915,
      59.99999999999915
    ],
    "distance-from-start": [
      3.822980189266441,
      3.8062356526089665,
      3.7642347081372773
    ]
  }
}