{
  "median_totals": {
    "deviation-heading": 7.742305901705415,
    "in-drivable-lane": 19.80000000000036,
    "deviation-center-line": 1.39242475628924,
    "driving-distance": 11.410495723424312,
    "driving-distance-consecutive": 5.436854048015215,
    "survival_time": 42.96666666666678,
    "distance-from-start": 3.6513324734056973
  },
  "mean_totals": {
    "deviation-heading": 8.152952023296951,
    "in-drivable-lane": 24.59999999999992,
    "deviation-center-line": 1.4905194510040245,
    "driving-distance": 12.402003376805744,
    "driving-distance-consecutive": 6.637038922074162,
    "survival_time": 46.322222222222145,
    "distance-from-start": 3.658770316206507
  },
  "stdev_totals": {
    "deviation-heading": 2.0403623888819564,
    "in-drivable-lane": 8.392059739221411,
    "deviation-center-line": 0.3109193275720018,
    "driving-distance": 7.1409223736554965,
    "driving-distance-consecutive": 1.7523101761928495,
    "survival_time": 10.081164443812943,
    "distance-from-start": 0.01623839457888853
  },
  "episode_totals": {
    "deviation-heading": [
      5.884786588250765,
      10.831763579934675,
      7.742305901705415
    ],
    "in-drivable-lane": [
      19.80000000000036,
      17.599999999999987,
      36.39999999999941
    ],
    "deviation-center-line": [
      1.1683669660091534,
      1.39242475628924,
      1.9107666307136804
    ],
    "driving-distance": [
      14.588365013347838,
      5.359485590742733,
      13.706214319384086,
      5.436854048015215,
      26.206324161880065,
      9.114777127464539
    ],
    "driving-distance-consecutive": [
      5.359485590742733,
      5.436854048015215,
      9.114777127464539
    ],
    "survival_time": [
      36.00000000000051,
      42.96666666666678,
      59.99999999999915
    ],
    "distance-from-start": [
      3.6513324734056973,
      3.6813051101246117,
      3.643673365089211
    ]
  }
}