{
  "median_totals": {
    "deviation-heading": 6.780135274196848,
    "in-drivable-lane": 14.13333333333325,
    "deviation-center-line": 3.3652107741529993,
    "driving-distance": 21.278771887515312,
    "driving-distance-consecutive": 18.895171160092907,
    "survival_time": 59.99999999999915,
    "distance-from-start": 3.319215757006064
  },
  "mean_totals": {
    "deviation-heading": 5.401234136605155,
    "in-drivable-lane": 13.822222222222019,
    "deviation-center-line": 2.616761480327855,
    "driving-distance": 18.898152666040193,
    "driving-distance-consecutive": 14.54483307079893,
    "survival_time": 41.03333333333276,
    "distance-from-start": 2.585461204939266
  },
  "stdev_totals": {
    "deviation-heading": 3.335146723268988,
    "in-drivable-lane": 11.16095486865896,
    "deviation-center-line": 1.7867868225208579,
    "driving-distance": 13.813983341837142,
    "driving-distance-consecutive": 9.720059958306411,
    "survival_time": 26.822917233009303,
    "distance-from-start": 1.0651962131851112
  },
  "episode_totals": {
    "deviation-heading": [
      8.618032310293467,
      6.780135274196848,
      0.8055348253251529
    ],
    "in-drivable-lane": [
      14.13333333333325,
      27.333333333332806,
      0.0
    ],
    "deviation-center-line": [
      4.332699139225709,
      3.3652107741529993,
      0.1523745276048568
    ],
    "driving-distance": [
      32.04213052511327,
      23.662372614937716,
      36.63107294322176,
      18.895171160092907,
      1.0812133155093504,
      1.0769554373661694
    ],
    "driving-distance-consecutive": [
      23.662372614937716,
      18.895171160092907,
      1.0769554373661694
    ],
    "survival_time": [
      59.99999999999915,
      59.99999999999915,
      3.0999999999999988
    ],
    "distance-from-start": [
      3.319215757006064,
      3.3579555328467374,
      1.0792123249649972
    ]
  }
}