{
  "median_totals": {
    "deviation-heading": 12.486824328052915,
    "in-drivable-lane": 6.8666666666666565,
    "deviation-center-line": 4.036944756819837,
    "driving-distance": 40.10365494757414,
    "driving-distance-consecutive": 36.00313970138892,
    "survival_time": 59.99999999999915,
    "distance-from-start": 3.797045019343286
  },
  "mean_totals": {
    "deviation-heading": 12.159271289577015,
    "in-drivable-lane": 7.67777777777771,
    "deviation-center-line": 4.085329721361456,
    "driving-distance": 38.918088534262026,
    "driving-distance-consecutive": 35.33676857545686,
    "survival_time": 59.92222222222137,
    "distance-from-start": 3.816348269936615
  },
  "stdev_totals": {
    "deviation-heading": 0.6827894703094288,
    "in-drivable-lane": 3.570904370700973,
    "deviation-center-line": 0.07916865961113033,
    "driving-distance": 4.142631942030437,
    "driving-distance-consecutive": 2.8911687768859333,
    "survival_time": 0.1099943881845678,
    "distance-from-start": 0.04963990251483853
  },
  "episode_totals": {
    "deviation-heading": [
      11.208834776194806,
      12.486824328052915,
      12.78215476448333
    ],
    "in-drivable-lane": [
      12.399999999999903,
      6.8666666666666565,
      3.766666666666569
    ],
    "deviation-center-line": [
      4.196961819377442,
      4.022082587887088,
      4.036944756819837
    ],
    "driving-distance": [
      41.71012594858482,
      31.509982078418197,
      42.860438257527555,
      36.00313970138892,
      42.927661273089214,
      38.49718394656347
    ],
    "driving-distance-consecutive": [
      31.509982078418197,
      36.00313970138892,
      38.49718394656347
    ],
    "survival_time": [
      59.99999999999915,
      59.99999999999915,
      59.76666666666583
    ],
    "distance-from-start": [
      3.797045019343286,
      3.767547194098752,
      3.8844525963678067
    ]
  }
}