{
  "median_totals": {
    "deviation-heading": 6.181163017780243,
    "in-drivable-lane": 25.200000000000053,
    "deviation-center-line": 2.6090288130936483,
    "driving-distance": 12.890711449215985,
    "driving-distance-consecutive": 12.044073702052813,
    "survival_time": 53.39999999999952,
    "distance-from-start": 3.360599166205154
  },
  "mean_totals": {
    "deviation-heading": 4.852297226770625,
    "in-drivable-lane": 21.544444444444224,
    "deviation-center-line": 2.1586205898170916,
    "driving-distance": 17.187450531240383,
    "driving-distance-consecutive": 10.773225142417983,
    "survival_time": 42.33333333333288,
    "distance-from-start": 3.3389255108494678
  },
  "stdev_totals": {
    "deviation-heading": 1.9832678017369003,
    "in-drivable-lane": 12.184578393086825,
    "deviation-center-line": 0.9853022423409136,
    "driving-distance": 9.007936793212988,
    "driving-distance-consecutive": 3.0733304685473977,
    "survival_time": 20.495419542478494,
    "distance-from-start": 0.04926030159834373
  },
  "episode_totals": {
    "deviation-heading": [
      6.326932713114035,
      6.181163017780243,
      2.0487959494175954
    ],
    "in-drivable-lane": [
      34.2999999999993,
      25.200000000000053,
      5.133333333333315
    ],
    "deviation-center-line": [
      3.0753797382912786,
      2.6090288130936483,
      0.7914532180663477
    ],
    "driving-distance": [
      31.00110559370634,
      12.044073702052813,
      27.969252687785865,
      13.737349196379155,
      11.77528664774081,
      6.5976353597773
    ],
    "driving-distance-consecutive": [
      12.044073702052813,
      13.737349196379155,
      6.538252528821979
    ],
    "survival_time": [
      59.99999999999915,
      53.39999999999952,
      13.599999999999962
    ],
    "distance-from-start": [
      3.3854258915792714,
      3.360599166205154,
      3.2707514747639785
    ]
  }
}