{
  "median_totals": {
    "deviation-heading": 12.824108375328263,
    "in-drivable-lane": 0.20000000000000995,
    "deviation-center-line": 3.2341333108200043,
    "driving-distance": 24.584411017557617,
    "driving-distance-consecutive": 24.201336396624697,
    "survival_time": 59.99999999999915,
    "distance-from-start": 3.7682288846964296
  },
  "mean_totals": {
    "deviation-heading": 9.482543138987161,
    "in-drivable-lane": 0.3444444444444468,
    "deviation-center-line": 2.3414676497442017,
    "driving-distance": 17.67411234244544,
    "driving-distance-consecutive": 17.31439839459184,
    "survival_time": 41.64444444444387,
    "distance-from-start": 3.132597026082839
  },
  "stdev_totals": {
    "deviation-heading": 5.839854679144664,
    "in-drivable-lane": 0.3552081636254591,
    "deviation-center-line": 1.5158673090045425,
    "driving-distance": 11.085416591286199,
    "driving-distance-consecutive": 10.83521843365224,
    "survival_time": 25.95867561155908,
    "distance-from-start": 0.9032847254453421
  },
  "episode_totals": {
    "deviation-heading": [
      14.352502859324465,
      1.2710181823087554,
      12.824108375328263
    ],
    "in-drivable-lane": [
      0.8333333333333304,
      0.0,
      0.20000000000000995
    ],
    "deviation-center-line": [
      3.5830748539572648,
      0.2071947844553372,
      3.2341333108200043
    ],
    "driving-distance": [
      27.061456945054644,
      25.72548554193258,
      2.0725362873519426,
      2.0163732452182437,
      24.967485638490537,
      24.201336396624697
    ],
    "driving-distance-consecutive": [
      25.72548554193258,
      2.0163732452182437,
      24.201336396624697
    ],
    "survival_time": [
      59.99999999999915,
      4.933333333333326,
      59.99999999999915
    ],
    "distance-from-start": [
      3.7682288846964296,
      1.8551644816266,
      3.774397711925486
    ]
  }
}