{
  "median_totals": {
    "deviation-heading": 7.886324064560985,
    "in-drivable-lane": 2.7333333333334036,
    "deviation-center-line": 1.9364975635282824,
    "driving-distance": 20.33087932781416,
    "driving-distance-consecutive": 18.588065846491766,
    "survival_time": 31.0000000000007,
    "distance-from-start": 3.7915603405502196
  },
  "mean_totals": {
    "deviation-heading": 7.4790792738147465,
    "in-drivable-lane": 2.2444444444444542,
    "deviation-center-line": 1.9891224436465522,
    "driving-distance": 19.38216015570203,
    "driving-distance-consecutive": 17.971798306948553,
    "survival_time": 29.722222222222417,
    "distance-from-start": 3.7461656766900346
  },
  "stdev_totals": {
    "deviation-heading": 3.5684473056532915,
    "in-drivable-lane": 1.1682000505156145,
    "deviation-center-line": 1.0845325429360377,
    "driving-distance": 8.937986760880234,
    "driving-distance-consecutive": 8.0102621431397,
    "survival_time": 14.249323137487732,
    "distance-from-start": 0.14832663316038233
  },
  "episode_totals": {
    "deviation-heading": [
      7.886324064560985,
      2.9192729957130874,
      11.631640761170166
    ],
    "in-drivable-lane": [
      2.7333333333334036,
      0.6333333333333329,
      3.3666666666666263
    ],
    "deviation-center-line": [
      1.9364975635282824,
      0.6879412974592726,
      3.3429284699521014
    ],
    "driving-distance": [
      22.073692809136556,
      18.588065846491766,
      8.480691509840046,
      7.867664836150789,
      31.823181694389945,
      27.459664238203104
    ],
    "driving-distance-consecutive": [
      18.588065846491766,
      7.867664836150789,
      27.459664238203104
    ],
    "survival_time": [
      31.0000000000007,
      11.666666666666636,
      46.499999999999915
    ],
    "distance-from-start": [
      3.9008258326954888,
      3.5461108568243955,
      3.7915603405502196
    ]
  }
}