{
  "median_totals": {
    "deviation-heading": 5.227138726052837,
    "in-drivable-lane": 2.633333333333365,
    "deviation-center-line": 1.8063247352863074,
    "driving-distance": 15.06619852218957,
    "driving-distance-consecutive": 13.675209913797328,
    "survival_time": 23.100000000000307,
    "distance-from-start": 3.7947532159968778
  },
  "mean_totals": {
    "deviation-heading": 7.184349647344593,
    "in-drivable-lane": 2.4777777777777894,
    "deviation-center-line": 2.3507359289001357,
    "driving-distance": 23.77339246691145,
    "driving-distance-consecutive": 22.277278658505903,
    "survival_time": 33.1888888888887,
    "distance-from-start": 3.792898340041297
  },
  "stdev_totals": {
    "deviation-heading": 4.250071431122681,
    "in-drivable-lane": 1.7181672693402437,
    "deviation-center-line": 1.3754461286013344,
    "driving-distance": 14.419137790300796,
    "driving-distance-consecutive": 13.335845474101772,
    "survival_time": 19.15075345840665,
    "distance-from-start": 0.011384850516279818
  },
  "episode_totals": {
    "deviation-heading": [
      5.227138726052837,
      13.08450514955766,
      3.241405066423284
    ],
    "in-drivable-lane": [
      2.633333333333365,
      4.500000000000004,
      0.29999999999999893
    ],
    "deviation-center-line": [
      1.8063247352863074,
      4.240189316933729,
      1.0056937344803705
    ],
    "driving-distance": [
      16.45718713058181,
      13.675209913797328,
      46.763955579801014,
      41.11345911705973,
      12.587376115568174,
      12.04316694466064
    ],
    "driving-distance-consecutive": [
      13.675209913797328,
      41.11345911705973,
      12.04316694466064
    ],
    "survival_time": [
      23.100000000000307,
      59.99999999999915,
      16.466666666666644
    ],
    "distance-from-start": [
      3.778120205030176,
      3.805821599096837,
      3.7947532159968778
    ]
  }
}