{
  "median_totals": {
    "deviation-heading": 9.709661303451588,
    "in-drivable-lane": 4.933333333333357,
    "deviation-center-line": 3.5867770585480723,
    "driving-distance": 34.40954432346341,
    "driving-distance-consecutive": 34.01151112655321,
    "survival_time": 59.99999999999915,
    "distance-from-start": 3.409547892301102
  },
  "mean_totals": {
    "deviation-heading": 8.332535769942604,
    "in-drivable-lane": 4.577777777777819,
    "deviation-center-line": 3.215625096717129,
    "driving-distance": 31.600671395563296,
    "driving-distance-consecutive": 29.55367826216829,
    "survival_time": 49.977777777777426,
    "distance-from-start": 3.4120651415171266
  },
  "stdev_totals": {
    "deviation-heading": 2.9088563335475297,
    "in-drivable-lane": 0.9064923579720814,
    "deviation-center-line": 0.9078438560944653,
    "driving-distance": 6.818499954912957,
    "driving-distance-consecutive": 6.8749175045501865,
    "survival_time": 14.173562591782979,
    "distance-from-start": 0.013599509243499548
  },
  "episode_totals": {
    "deviation-heading": [
      9.709661303451588,
      11.001027024580614,
      4.286918981795611
    ],
    "in-drivable-lane": [
      4.933333333333357,
      3.33333333333334,
      5.466666666666761
    ],
    "deviation-center-line": [
      4.094452876831505,
      3.5867770585480723,
      1.9656453547718105
    ],
    "driving-distance": [
      38.83401479547389,
      34.8075775203736,
      37.04071311221408,
      34.01151112655321,
      25.06826567918695,
      19.84194613957805
    ],
    "driving-distance-consecutive": [
      34.8075775203736,
      34.01151112655321,
      19.84194613957805
    ],
    "survival_time": [
      59.99999999999915,
      59.99999999999915,
      29.93333333333398
    ],
    "distance-from-start": [
      3.409547892301102,
      3.4298364149067355,
      3.3968111173435425
    ]
  }
}