{
  "median_totals": {
    "deviation-heading": 1.9843853072582511,
    "in-drivable-lane": 4.466666666666652,
    "deviation-center-line": 0.3273151461919484,
    "driving-distance": 2.4132149838938965,
    "driving-distance-consecutive": 1.5409027610850288,
    "survival_time": 9.233333333333311,
    "distance-from-start": 2.337354294192734
  },
  "mean_totals": {
    "deviation-heading": 3.16916264170945,
    "in-drivable-lane": 11.988888888888626,
    "deviation-center-line": 1.1319993563089816,
    "driving-distance": 8.537210934262982,
    "driving-distance-consecutive": 5.234697213795306,
    "survival_time": 24.677777777777482,
    "distance-from-start": 2.1585715520463893
  },
  "stdev_totals": {
    "deviation-heading": 2.3243754921007453,
    "in-drivable-lane": 13.916426034734526,
    "deviation-center-line": 1.2549491075718844,
    "driving-distance": 11.17028785288092,
    "driving-distance-consecutive": 5.8036331610268475,
    "survival_time": 25.04207323882641,
    "distance-from-start": 1.092834475508601
  },
  "episode_totals": {
    "deviation-heading": [
      1.1061211849728492,
      6.416981432897249,
      1.9843853072582511
    ],
    "in-drivable-lane": [
      0.0,
      31.499999999999226,
      4.466666666666652
    ],
    "deviation-center-line": [
      0.16441139549389755,
      2.9042715272410993,
      0.3273151461919484
    ],
    "driving-distance": [
      0.7479508032924708,
      0.7341422971641887,
      31.485695954196725,
      13.4290465831367,
      3.2855272067027643,
      1.5409027610850288
    ],
    "driving-distance-consecutive": [
      0.7341422971641887,
      13.4290465831367,
      1.5409027610850288
    ],
    "survival_time": [
      4.799999999999993,
      59.99999999999915,
      9.233333333333311
    ],
    "distance-from-start": [
      0.7397222709124228,
      3.39863809103401,
      2.337354294192734
    ]
  }
}