{
  "median_totals": {
    "deviation-heading": 11.362977425139949,
    "in-drivable-lane": 2.5333333333333163,
    "deviation-center-line": 2.780113794184762,
    "driving-distance": 36.331112404201484,
    "driving-distance-consecutive": 35.05195952605343,
    "survival_time": 47.59999999999985,
    "distance-from-start": 3.8445290560192613
  },
  "mean_totals": {
    "deviation-heading": 11.498089793527685,
    "in-drivable-lane": 2.4999999999999507,
    "deviation-center-line": 3.08662521933843,
    "driving-distance": 38.48747139024392,
    "driving-distance-consecutive": 36.52260851989919,
    "survival_time": 48.63333333333313,
    "distance-from-start": 3.837486749422501
  },
  "stdev_totals": {
    "deviation-heading": 2.3012407150670753,
    "in-drivable-lane": 1.1569436107772983,
    "deviation-center-line": 0.6361870799444951,
    "driving-distance": 7.7951162183765055,
    "driving-distance-consecutive": 6.979786802349175,
    "survival_time": 8.889069442610209,
    "distance-from-start": 0.022888636562903308
  },
  "episode_totals": {
    "deviation-heading": [
      8.749643184939712,
      14.381648770503395,
      11.362977425139949
    ],
    "in-drivable-lane": [
      2.5333333333333163,
      3.899999999999878,
      1.0666666666666575
    ],
    "deviation-center-line": [
      2.507324408007275,
      3.9724374558232527,
      2.780113794184762
    ],
    "driving-distance": [
      32.30387035590314,
      28.804884492056157,
      51.44286714351328,
      45.710981541587955,
      37.61026528234954,
      35.05195952605343
    ],
    "driving-distance-consecutive": [
      28.804884492056157,
      45.710981541587955,
      35.05195952605343
    ],
    "survival_time": [
      38.30000000000038,
      59.99999999999915,
      47.59999999999985
    ],
    "distance-from-start": [
      3.8066043285381532,
      3.861326863710089,
      3.8445290560192613
    ]
  }
}